height,weight,bmi
150,45,20.0
153,52,22.21
156,59,24.24
159,66,26.11
162,73,27.82
165,80,29.38
168,87,30.82
171,94,32.15
174,101,33.36
177,108,34.47
180,49,15.12
183,56,16.72
186,63,18.21
189,70,19.6
192,77,20.89
195,84,22.09
198,91,23.21
150,98,43.56
153,105,44.85
156,46,18.9
159,53,20.96
162,60,22.86
165,67,24.61
168,74,26.22
171,81,27.7
174,88,29.07
177,95,30.32
180,102,31.48
183,109,32.55
186,50,14.45
189,57,15.96
192,64,17.36
195,71,18.67
198,78,19.9
150,85,37.78
153,92,39.3
156,99,40.68
159,106,41.93
162,47,17.91
165,54,19.83
168,61,21.61
171,68,23.26
174,75,24.77
177,82,26.17
180,89,27.47
183,96,28.67
186,103,29.77
189,110,30.79
192,51,13.83
195,58,15.25
198,65,16.58
150,72,32.0
153,79,33.75
156,86,35.34
159,93,36.79
162,100,38.1
165,107,39.3
168,48,17.01
171,55,18.81
174,62,20.48
177,69,22.02
180,76,23.46
183,83,24.78
186,90,26.01
189,97,27.15
192,104,28.21
195,45,11.83
198,52,13.26
150,59,26.22
153,66,28.19
156,73,30.0
159,80,31.64
162,87,33.15
165,94,34.53
168,101,35.79
171,108,36.93
174,49,16.18
177,56,17.87
180,63,19.44
183,70,20.9
186,77,22.26
189,84,23.52
192,91,24.69
195,98,25.77
198,105,26.78
150,46,20.44
153,53,22.64
156,60,24.65
159,67,26.5
162,74,28.2
165,81,29.75
168,88,31.18
171,95,32.49
174,102,33.69
177,109,34.79
180,50,15.43
183,57,17.02
186,64,18.5
189,71,19.88
192,78,21.16
195,85,22.35
198,92,23.47
150,99,44.0
153,106,45.28
156,47,19.31
159,54,21.36
162,61,23.24
165,68,24.98
168,75,26.57
171,82,28.04
174,89,29.4
177,96,30.64
180,103,31.79
183,110,32.85
186,51,14.74
189,58,16.24
192,65,17.63
195,72,18.93
198,79,20.15
150,86,38.22
153,93,39.73
156,100,41.09
159,107,42.32
162,48,18.29
165,55,20.2
168,62,21.97
171,69,23.6
174,76,25.1
177,83,26.49
180,90,27.78
183,97,28.96
186,104,30.06
189,45,12.6
192,52,14.11
195,59,15.52
198,66,16.84
150,73,32.44
153,80,34.17
156,87,35.75
159,94,37.18
162,101,38.48
165,108,39.67
168,49,17.36
171,56,19.15
174,63,20.81
177,70,22.34
180,77,23.77
183,84,25.08
186,91,26.3
189,98,27.43
192,105,28.48
195,46,12.1
198,53,13.52
150,60,26.67
153,67,28.62
156,74,30.41
159,81,32.04
162,88,33.53
165,95,34.89
168,102,36.14
171,109,37.28
174,50,16.51
177,57,18.19
180,64,19.75
183,71,21.2
186,78,22.55
189,85,23.8
192,92,24.96
195,99,26.04
198,106,27.04
150,47,20.89
153,54,23.07
156,61,25.07
159,68,26.9
162,75,28.58
165,82,30.12
168,89,31.53
171,96,32.83
174,103,34.02
177,110,
180,51,15.74
183,58,17.32
186,,18.79
189,72,20.16
192,79,21.43
195,86,22.62
198,93,
150,100,44.44
153,107,45.71
156,48,19.72
159,55,21.76
162,62,23.62
165,69,25.34
168,76,26.93
171,83,28.38
174,90,29.73
177,97,30.96
180,104,32.1
183,45,13.44